{"trip_miles": 2.978, "dur_min": 16.316666666666666, "speed_mph": 11.336170212765957, "hour_sin": -0.4999999999999997, "hour_cos": -0.25881904510252063, "weekday": 3.0, "is_weekend": 0.0, "month_num": 6.0, "req_to_pickup_min": 4.033333333333333, "onscene_to_pickup_min": 0.45, "pulocationid_cnt": 3509.0, "dolocationid_cnt": 3474.0, "pair_cnt": 68.0}