{"pulocationid": {"means": {"3": 18.45631182458888, "4": 24.39623017241379, "5": 26.22858804347826, "6": 24.076215254237287, "7": 20.740682715385994, "8": 24.36, "9": 23.394560273972605, "10": 19.618742170626348, "11": 22.729653915662652, "12": 32.10769230769231, "13": 35.688534707241914, "14": 22.34944691038499, "15": 25.73600502512563, "16": 23.3104816399287, "17": 20.527148053041465, "18": 19.092698780487805, "19": 23.860717330677293, "20": 19.299309843937575, "21": 19.97424872912128, "22": 18.843919240506327, "23": 22.915883371559634, "24": 24.243806545454547, "25": 26.517381881736092, "26": 17.927548923611113, "27": 34.615641025641025, "28": 20.28521398002853, "29": 19.930867527675275, "30": 22.82272727272727, "31": 23.32698218181818, "32": 19.537503719599428, "33": 29.60766003552398, "34": 27.00768281573499, "35": 18.663952143928036, "36": 21.55210402728873, "37": 22.068792382683412, "38": 22.26623803009576, "39": 18.77446685837527, "40": 25.815226276831975, "41": 21.831128358606012, "42": 20.005971382893684, "43": 29.71098418803419, "44": 25.26662432432433, "45": 27.07191512717537, "46": 33.07277777777778, "47": 18.325848315248432, "48": 30.88409066286529, "49": 23.231704978292328, "50": 27.703342387077477, "51": 20.893552164212405, "52": 27.17376143162393, "53": 23.380451219512196, "54": 26.6896878125, "55": 24.37765587680704, "56": 19.779197422378438, "57": 21.338872580645166, "58": 23.626596858638745, "59": 20.545714285714286, "60": 18.654171904024768, "61": 20.514600962953054, "62": 21.976221234798878, "63": 19.79359650507328, "64": 24.7675757493188, "65": 27.462197236796083, "66": 28.7228200729927, "67": 20.560458548233047, "68": 33.24375507427678, "69": 19.34509153792135, "70": 21.409516032811336, "71": 19.196802606924642, "72": 18.40189498122226, "73": 19.827020905923344, "74": 20.340939780658026, "75": 23.56696783197832, "76": 18.539577982091462, "77": 19.114436245353158, "78": 18.093828917609045, "79": 26.00010429375573, "80": 22.666321281412724, "81": 18.238592141453832, "82": 18.637962898769153, "83": 19.042073630672927, "84": 23.651274545454548, "85": 20.748028668555243, "86": 24.161484485666104, "87": 35.23202182011708, "88": 37.979039345314504, "89": 21.52877011995638, "90": 28.562895314861464, "91": 20.132092592592592, "92": 23.010223643023643, "93": 46.31639019607844, "94": 18.58779719471947, "95": 22.284710957078115, "96": 21.343650793650795, "97": 24.217667903525047, "98": 21.768436873747497, "99": 23.175333333333334, "100": 37.00272757494806, "101": 24.59141949152542, "102": 19.231851365705612, "105": 41.34, "106": 23.65197861952862, "107": 26.297908212457337, "108": 20.011580976863755, "109": 23.098710164835165, "110": 13.363333333333335, "111": 37.07923461538462, "112": 23.713676930215293, "113": 27.99898504, "114": 28.05226845192553, "115": 19.79885797413793, "116": 22.037017660818712, "117": 25.98817826564215, "118": 23.608435143769967, "119": 20.9458030651341, "120": 27.01869565217391, "121": 22.36630518754988, "122": 19.892120765832107, "123": 19.330634002509413, "124": 21.836440207373272, "125": 32.29409607843137, "126": 18.995692792792795, "127": 21.620507663847782, "128": 23.760321390374333, "129": 19.11122734393544, "130": 20.38259594046008, "131": 22.01010022222222, "132": 64.06511038823757, "133": 21.31112564575646, "134": 21.22786313213703, "135": 22.060853096446703, "136": 19.948028041958043, "137": 24.914126775612825, "138": 53.83583395401697, "139": 20.059321376146787, "140": 28.57947504332756, "141": 28.15333548964459, "142": 30.83356119760479, "143": 26.52341066799601, "144": 29.226236115569826, "145": 23.48829939846505, "146": 24.247962850971923, "147": 19.79427275021026, "148": 27.50275397192403, "149": 18.929161224489796, "150": 21.21532814159292, "151": 25.115774350282486, "152": 22.407508554817277, "153": 18.275384615384617, "154": 23.386, "155": 21.986292548076925, "156": 18.315668789808917, "157": 20.575694631986718, "158": 29.96405387323944, "159": 18.403198881789137, "160": 20.586928267973857, "161": 37.074274962375156, "162": 35.52577373370379, "163": 36.351725747172864, "164": 33.394886748347574, "165": 21.02542815028902, "166": 25.320251047227927, "167": 18.650535225686365, "168": 19.864199537572254, "169": 18.2907198019802, "170": 29.727357997762862, "171": 20.492481884057973, "172": 21.001323692307693, "173": 18.787856630824372, "174": 19.845429175387192, "175": 24.29866409185804, "176": 24.297619523809526, "177": 19.507728125, "178": 18.805752097902097, "179": 21.47897211195929, "180": 19.362857357679918, "181": 24.70889414248021, "182": 19.55302812295618, "183": 19.700167037552156, "184": 21.75042016806723, "185": 20.845602070509234, "186": 32.85132243641232, "187": 19.857471954022987, "188": 21.358222448979593, "189": 24.352907267053055, "190": 24.16096153846154, "191": 21.20329090909091, "192": 21.023104776119403, "193": 21.792411282660332, "194": 34.710477142857144, "195": 27.862021529745043, "196": 20.798287913669064, "197": 19.19899272948822, "198": 21.22243254107981, "199": 46.61, "200": 26.656043722943725, "201": 29.2157399408284, "202": 31.31549219143577, "203": 19.722531128747796, "204": 28.833290789473686, "205": 19.808400991379308, "206": 18.726983636363638, "207": 15.051910112359552, "208": 20.87295823817292, "209": 32.80868513800425, "210": 19.332040211640212, "211": 30.75921509865599, "212": 18.192719817287422, "213": 19.217234919445485, "214": 22.89323426124197, "215": 18.359277849117174, "216": 18.119143377753606, "217": 17.22607743902439, "218": 19.605273714759537, "219": 21.0355885199241, "220": 20.382462587412586, "221": 19.267598768472904, "222": 19.76796298421808, "223": 20.966616532116532, "224": 24.389706769983686, "225": 21.20740494942974, "226": 20.358723389021478, "227": 21.217321131805157, "228": 23.273951623495076, "229": 28.526373781704194, "230": 37.89270970766685, "231": 31.574667201604814, "232": 25.430628091546698, "233": 28.2179668901195, "234": 29.49117490396927, "235": 18.74229695229682, "236": 29.51732093023256, "237": 31.76215452, "238": 27.19824313120932, "239": 29.340973635400104, "240": 19.421848341232227, "241": 19.220095502044526, "242": 19.278174966532795, "243": 22.823172829316604, "244": 23.194514742534682, "245": 22.054863698630136, "246": 31.442797266164956, "247": 20.693954664310954, "248": 18.202130872011253, "249": 28.06103066595059, "250": 19.320336506800285, "251": 20.418952391799543, "252": 23.237743441466854, "253": 39.325346666666675, "254": 19.263340716845878, "255": 26.162338476357267, "256": 24.629196706710854, "257": 25.942880836236935, "258": 20.364834154175586, "259": 20.23525613648872, "260": 18.993420252167063, "261": 38.58452818604651, "262": 27.068144311377246, "263": 27.17099366645449, "265": 19.477142857142855}, "global": 25.855964641827796}, "dolocationid": {"means": {"1": 79.61388772912424, "3": 17.56592417491749, "4": 22.53909037184595, "5": 24.804383333333334, "6": 21.45405911764706, "7": 20.26781212285456, "8": 21.455333333333332, "9": 21.602914171656685, "10": 19.679115576923078, "11": 20.377384843982167, "12": 30.397662337662336, "13": 30.064866738754326, "14": 22.294139918084436, "15": 26.34881188630491, "16": 22.07182242990654, "17": 19.958625272689854, "18": 18.258585328496572, "19": 23.77078726851852, "20": 19.151528650990098, "21": 19.996271418779987, "22": 19.510005260389267, "23": 22.61248576998051, "24": 22.91576, "25": 25.5298133726647, "26": 17.967633561643837, "27": 40.05612653061225, "28": 20.464770029673588, "29": 20.567194143356645, "30": 25.173870967741934, "31": 24.824296028880866, "32": 18.560541591468418, "33": 27.29616923076923, "34": 22.098075471698113, "35": 18.26146489962359, "36": 20.681907449209934, "37": 21.094582592942658, "38": 22.439191360294117, "39": 18.101356996757296, "40": 24.430790425531914, "41": 20.953169417767107, "42": 19.483483605486608, "43": 28.276817405318294, "44": 26.273031535269713, "45": 24.689445132743362, "46": 28.816666666666666, "47": 17.328552168815943,